Date,Time,Description,Address,Amount
2025-08-26,00:30,Northside Laundromat,"104 HILLSIDE AVENUE, Queens, NY 11697",40.99
2025-08-26,14:27,Grove Street Market,"1750 ATLANTIC AVENUE, Brooklyn, NY 11213",61.93
2025-08-26,23:08,Grove Street Market,"104 HILLSIDE AVENUE, Queens, NY 11697",30.22
2025-09-02,00:06,Grove Street Market,"104 HILLSIDE AVENUE, Queens, NY 11697",31.44
2025-09-02,14:33,Corner Hardware,"1750 ATLANTIC AVENUE, Brooklyn, NY 11213",51.52
2025-09-02,22:47,Verano Coffee,"104 HILLSIDE AVENUE, Queens, NY 11697",8.57
2025-09-09,00:13,Bodega Del Sol,"104 HILLSIDE AVENUE, Queens, NY 11697",49.28
2025-09-09,14:20,Northside Laundromat,"1750 ATLANTIC AVENUE, Brooklyn, NY 11213",49.90
2025-09-09,22:54,Verano Coffee,"104 HILLSIDE AVENUE, Queens, NY 11697",83.82
